,,,,,,4,,,,,,,,,,,,,
Pais,Nivel,Jornada,Zona,TIPO DE PROMO,ANTIGÜEDAD LEAD,1er pago,2do pago,3er pago,4to pago,5to pago,Nombre paquete,Nombre escalonado,Posicionamiento,Precio de lista,Nombre paquete ejecutivo,Nombre escalonado ejecutivo,Nombre paquete Hibrido,Nombre escalonado Hibrido,Nombre escalonado con titulo
Ecuador,Licenciatura,Completa,Centro,Pricing Medio,Hotlead,82,82,175,175,175,ECU.P1.LI.COM.,"P5.ECU.COM2M
",,250,,,,,
Ecuador,Licenciatura,Completa,Centro,Pricing Medio,RMKT+30,79,79,166,166,166,ECU.P2.LI.COM.,P6.ECU.COM2M,,250,,,,,
Ecuador,Licenciatura,Completa,Centro,Pricing Medio,RMKT+60,71,71,148,148,148,ECU.P3.LI.COM.,P7.ECU.COM2M,,250,,,,,
Ecuador,Licenciatura,Completa,Centro,Pricing Medio,SUPER PROMO,77,77,171,171,171,ECU.P4.LI.COM.,P8.ECU.COM2M,,250,,,,,
Ecuador,Licenciatura,Completa,Centro,Princing Alto,Hotlead,91,91,192,192,192,,,,250,,,,,
Ecuador,Licenciatura,Completa,Centro,Princing Alto,RMKT+30,86,86,183,183,183,,,,250,,,,,
Ecuador,Licenciatura,Completa,Centro,Princing Alto,RMKT+60,74,74,158,158,158,,,,250,,,,,
Ecuador,Licenciatura,Completa,Centro,Princing Alto,SUPER PROMO,88,88,186,186,186,,,,250,,,,,
Ecuador,Licenciatura,Intensiva,Centro,Pricing Medio,Hotlead,90,90,189,189,189,ECU.P1.LI.INT.,P4.ECU.INT2M,,275,,,,,
Ecuador,Licenciatura,Intensiva,Centro,Pricing Medio,RMKT+30,85,85,180,180,180,ECU.P2.LI.INT.,P5.ECU.INT2M,,275,,,,,
Ecuador,Licenciatura,Intensiva,Centro,Pricing Medio,RMKT+60,76,76,160,160,160,ECU.P3.LI.INT.,P6.ECU.INT2M,,275,,,,,
Ecuador,Licenciatura,Intensiva,Centro,Pricing Medio,SUPER PROMO,84,84,183,183,183,ECU.P4.LI.INT.,P7.ECU.INT2M,,275,,,,,
Ecuador,Licenciatura,Intensiva,Centro,Princing Alto,Hotlead,99,99,208,208,208,,,,275,,,,,
Ecuador,Licenciatura,Intensiva,Centro,Princing Alto,RMKT+30,94,94,198,198,198,,,,275,,,,,
Ecuador,Licenciatura,Intensiva,Centro,Princing Alto,RMKT+60,81,81,171,171,171,,,,275,,,,,
Ecuador,Licenciatura,Intensiva,Centro,Princing Alto,SUPER PROMO,96,96,202,202,202,,,,275,,,,,
Peru,Licenciatura,Completa,Centro,Pricing Medio,Hotlead,162,288,407,505,505,PER.P1.LI.COM.,P5.PER.COM3M,,1146,,,,,
Peru,Licenciatura,Completa,Centro,Pricing Medio,RMKT+30,154,273,387,479,479,PER.P2.LI.COM.,P6.PER.COM3M,,1146,,,,,
Peru,Licenciatura,Completa,Centro,Pricing Medio,RMKT+60,145,252,362,445,445,PER.P3.LI.COM.,P7.PER.COM3M,,1146,,,,,
Peru,Licenciatura,Completa,Centro,Pricing Medio,SUPER PROMO,153,268,383,488,488,PER.P4.LI.COM.,P8.PER.COM3M,,1146,,,,,
Peru,Licenciatura,Completa,Centro,Princing Alto,Hotlead,211,375,530,657,657,PER.PAP1.LI.COM.,P9.PER.COM3M,,1146,,,,,
Peru,Licenciatura,Completa,Centro,Princing Alto,RMKT+30,199,352,498,617,617,PER.PAP2.LI.COM.,P10.PER.COM3M,,1146,,,,,
Peru,Licenciatura,Completa,Centro,Princing Alto,RMKT+60,182,322,455,565,565,PER.PAP3.LI.COM.,P11.PER.COM3M,,1146,,,,,
Peru,Licenciatura,Completa,Centro,Princing Alto,SUPER PROMO,203,360,508,630,630,PER.PAP4.LI.COM.,P12.PER.COM3M,,1146,,,,,
Peru,Licenciatura,Intensiva,Centro,Pricing Medio,Hotlead,173,312,437,545,545,PER.P1.LI.INT.,P5.PER.INT3M,,1267,,,,,
Peru,Licenciatura,Intensiva,Centro,Pricing Medio,RMKT+30,165,295,414,515,515,PER.P2.LI.INT.,P6.PER.INT3M,,1267,,,,,
Peru,Licenciatura,Intensiva,Centro,Pricing Medio,RMKT+60,154,273,387,479,479,PER.P3.LI.INT.,P7.PER.INT3M,,1267,,,,,
Peru,Licenciatura,Intensiva,Centro,Pricing Medio,SUPER PROMO,161,288,408,523,523,PER.P4.LI.INT.,P8.PER.INT3M,,1267,,,,,
Peru,Licenciatura,Intensiva,Centro,Princing Alto,Hotlead,225,405,568,708,708,PER.PAP1.LI.INT.,P9.PER.INT3M,,1267,,,,,
Peru,Licenciatura,Intensiva,Centro,Princing Alto,RMKT+30,211,381,534,666,666,PER.PAP2.LI.INT.,P10.PER.INT3M,,1267,,,,,
Peru,Licenciatura,Intensiva,Centro,Princing Alto,RMKT+60,193,348,488,609,609,PER.PAP3.LI.INT.,P11.PER.INT3M,,1267,,,,,
Peru,Licenciatura,Intensiva,Centro,Princing Alto,SUPER PROMO,216,389,545,680,680,PER.PAP4.LI.INT.,P12.PER.INT3M,,1267,,,,,
Colombia,Licenciatura,Completa,Centro,Princing Alto,Hotlead,248239,248239,492650,492650,492650,COL.P5.LI.COM.,P5.COL.COM2M,,"1,186,690",,,,,
Colombia,Licenciatura,Completa,Centro,Princing Alto,RMKT+30,237148,237148,469174,469174,469174,COL.P6.LI.COM.,P8.COL.COM2M,,"1,186,690",,,,,
Colombia,Licenciatura,Completa,Centro,Princing Alto,RMKT+60,214454,214454,421141,421141,421141,COL.P7.LI.COM.,P9.COL.COM2M,,"1,186,690",,,,,
Colombia,Licenciatura,Completa,Centro,Princing Alto,SUPER PROMO,242471,242471,480442,480442,480442,COL.P8.LI.COM.,P10.COL.COM2M,,"1,186,690",,,,,
Colombia,Licenciatura,Completa,Centro,Pricing Medio,Hotlead,243250,243250,469750,469750,469750,COL.P9.LI.COM.,P11.COL.COM2M,,"1,186,690",,,,,
Colombia,Licenciatura,Completa,Centro,Pricing Medio,RMKT+30,232411,232411,447434,447434,447434,COL.P10.LI.COM.,P12.COL.COM2M,,"1,186,690",,,,,
Colombia,Licenciatura,Completa,Centro,Pricing Medio,RMKT+60,210235,210235,401776,401776,401776,COL.P11.LI.COM.,P13.COL.COM2M,,"1,186,690",,,,,
Colombia,Licenciatura,Completa,Centro,Pricing Medio,SUPER PROMO,237614,237614,458145,458145,458145,COL.P12.LI.COM.,P14.COL.COM2M,,"1,186,690",,,,,
Colombia,Licenciatura,Completa,Centro,Pricing Bajo,Hotlead,238850,238850,448250,448250,448250,COL.P13.LI.COM.,P15.COL.COM2M,,"1,186,690",,,,,
Colombia,Licenciatura,Completa,Centro,Pricing Bajo,RMKT+30,228234,228234,427024,427024,427024,COL.P14.LI.COM.,P16.COL.COM2M,,"1,186,690",,,,,
Colombia,Licenciatura,Completa,Centro,Pricing Bajo,RMKT+60,206514,206514,383594,383594,383594,COL.P15.LI.COM.,P17.COL.COM2M,,"1,186,690",,,,,
Colombia,Licenciatura,Completa,Centro,Pricing Bajo,SUPER PROMO,233330,233330,437212,437212,437212,COL.P16.LI.COM.,P18.COL.COM2M,,"1,186,690",,,,,
Colombia,Licenciatura,Intensiva,Centro,Princing Alto,Hotlead,267716,267716,538460,538460,538460,COL.P2.LI.INT.,P5.COL.INT2M,,"1,302,030",,,,,
Colombia,Licenciatura,Intensiva,Centro,Princing Alto,RMKT+30,255638,255638,512663,512663,512663,COL.P5.LI.INT.,P8.COL.INT2M,,"1,302,030",,,,,
Colombia,Licenciatura,Intensiva,Centro,Princing Alto,RMKT+60,230925,230925,459881,459881,459881,COL.P6.LI.INT.,P9.COL.INT2M,,"1,302,030",,,,,
Colombia,Licenciatura,Intensiva,Centro,Princing Alto,SUPER PROMO,261435,261435,525045,525045,525045,COL.P7.LI.INT.,P10.COL.INT2M,,"1,302,030",,,,,
Colombia,Licenciatura,Intensiva,Centro,Pricing Medio,Hotlead,264350,264350,513350,513350,513350,COL.P8.LI.INT.,P11.COL.INT2M,,"1,302,030",,,,,
Colombia,Licenciatura,Intensiva,Centro,Pricing Medio,RMKT+30,252442,252442,488825,488825,488825,COL.P9.LI.INT.,P12.COL.INT2M,,"1,302,030",,,,,
Colombia,Licenciatura,Intensiva,Centro,Pricing Medio,RMKT+60,228079,228079,438646,438646,438646,COL.P10.LI.INT.,P13.COL.INT2M,,"1,302,030",,,,,
Colombia,Licenciatura,Intensiva,Centro,Pricing Medio,SUPER PROMO,258158,258158,500596,500596,500596,COL.P11.LI.INT.,P14.COL.INT2M,,"1,302,030",,,,,
Colombia,Licenciatura,Intensiva,Centro,Pricing Bajo,Hotlead,259523,259523,489696,489696,489696,COL.P12.LI.INT.,P15.COL.INT2M,,"1,302,030",,,,,
Colombia,Licenciatura,Intensiva,Centro,Pricing Bajo,RMKT+30,247860,247860,466370,466370,466370,COL.P13.LI.INT.,P16.COL.INT2M,,"1,302,030",,,,,
Colombia,Licenciatura,Intensiva,Centro,Pricing Bajo,RMKT+60,223997,223997,418643,418643,418643,COL.P14.LI.INT.,P17.COL.INT2M,,"1,302,030",,,,,
Colombia,Licenciatura,Intensiva,Centro,Pricing Bajo,SUPER PROMO,253458,253458,477566,477566,477566,COL.P15.LI.INT.,P18.COL.INT2M,,"1,302,030",,,,,
Colombia,Licenciatura,Intensiva,Centro,Pricing Especial,Hotlead,278650,278650,762650,762650,762650,COL.P16.LI.INT.,P19.COL.INT2M,,"1,302,030",,,,,
Colombia,Licenciatura,Intensiva,Centro,Pricing Especial,RMKT+30,264530,264530,724005,724005,724005,COL.P17.LI.INT.,P20.COL.INT2M,,"1,302,030",,,,,
Colombia,Licenciatura,Intensiva,Centro,Pricing Especial,RMKT+60,235641,235641,644938,644938,644938,COL.P18.LI.INT.,P21.COL.INT2M,,"1,302,030",,,,,
Colombia,Licenciatura,Intensiva,Centro,Pricing Especial,SUPER PROMO,271307,271307,742554,742554,742554,COL.P19.LI.INT.,P22.COL.INT2M,,"1,302,030",,,,,
Argentina,Licenciatura,Completa,Centro,Pricing Buenos Aires / Fijo,Hotlead,109400,213200,213200,213200,213200,ARG3.HOTL.TIT.LI.COM.,,,"334,6",,,,,
Argentina,Licenciatura,Completa,Centro,Pricing Buenos Aires / Fijo,Hotlead,120300,224100,224100,224100,224100,ARG3.HOTL.TIT.PLATZI.LI.COM.,,,"334,6",,,,,
Argentina,Licenciatura,Completa,Centro,Pricing Buenos Aires / Fijo,Hotlead,128300,240000,240000,240000,240000,ARG3.HOTL.TIT.EQUSA.PLATZI.LI.COM.,,,"334,6",,,,,
Argentina,Licenciatura,Completa,Centro,Pricing Buenos Aires / Fijo,RMKT,95000,184400,184400,184400,184400,ARG3.RMKT.TIT.LI.COM.,,,"334,6",,,,,
Argentina,Licenciatura,Completa,Centro,Pricing Buenos Aires / Fijo,RMKT,105900,195300,195300,195300,195300,ARG3.RMKT.TIT.PLATZI.LI.COM.,,,"334,6",,,,,
Argentina,Licenciatura,Completa,Centro,Pricing Buenos Aires / Fijo,RMKT,113900,211200,211200,211200,211200,ARG3.RMKT.TIT.EQUSA.PLATZI.LI.COM.,,,"334,6",,,,,
Argentina,Licenciatura,Completa,Centro,Pricing Buenos Aires / Fijo,SUPER PROMO,99800,193900,193900,193900,193900,ARG3.SUPE.TIT.LI.COM.,,,335,,,,,
Argentina,Licenciatura,Completa,Centro,Pricing Buenos Aires / Fijo,SUPER PROMO,110700,204800,204800,204800,204800,ARG3.SUPE.TIT.PLATZI.LI.COM.,,,"334,6",,,,,
Argentina,Licenciatura,Completa,Centro,Pricing Buenos Aires / Fijo,SUPER PROMO,118600,220900,220900,220900,220900,ARG3.SUPE.TIT.EQUSA.PLATZI.LI.COM.,,,"334,6",,,,,
Argentina,Licenciatura,Completa,Centro,Princing Provincia o Programas Especiales / Todos los programas / Fijo,Hotlead,104200,202800,202800,202800,202800,ARG3.5%.HOTL.TIT.LI.COM.,,,"334,6",,,,,
Argentina,Licenciatura,Completa,Centro,Princing Provincia o Programas Especiales / Todos los programas / Fijo,Hotlead,115100,213700,213700,213700,213700,ARG3.5%.HOTL.TIT.PLATZI.LI.COM.,,,"334,6",,,,,
Argentina,Licenciatura,Completa,Centro,Princing Provincia o Programas Especiales / Todos los programas / Fijo,Hotlead,122700,228900,228900,228900,228900,ARG3.5%.HOTL.TIT.EQUSA.PLATZI.LI.COM.,,,"334,6",,,,,
Argentina,Licenciatura,Completa,Centro,Princing Provincia o Programas Especiales / Todos los programas / Fijo,RMKT,90500,175500,175500,175500,175500,ARG3.5%.RMKT.TIT.LI.COM.,,,"334,6",,,,,
Argentina,Licenciatura,Completa,Centro,Princing Provincia o Programas Especiales / Todos los programas / Fijo,RMKT,101400,186400,186400,186400,186400,ARG3.5%.RMKT.TIT.PLATZI.LI.COM.,,,"334,6",,,,,
Argentina,Licenciatura,Completa,Centro,Princing Provincia o Programas Especiales / Todos los programas / Fijo,RMKT,109000,201600,201600,201600,201600,ARG3.5%.RMKT.TIT.EQUSA.PLATZI.LI.COM.,,,"334,6",,,,,
Argentina,Licenciatura,Completa,Centro,Princing Provincia o Programas Especiales / Todos los programas / Fijo,SUPER PROMO,95100,184600,184600,184600,184600,ARG3.5%.SUPE.TIT.LI.COM.,,,"334,6",,,,,
Argentina,Licenciatura,Completa,Centro,Princing Provincia o Programas Especiales / Todos los programas / Fijo,SUPER PROMO,106000,195500,195500,195500,195500,ARG3.5%.SUPE.TIT.PLATZI.LI.COM.,,,"334,6",,,,,
Argentina,Licenciatura,Completa,Centro,Princing Provincia o Programas Especiales / Todos los programas / Fijo,SUPER PROMO,113600,210600,210600,210600,210600,ARG3.5%.SUPE.TIT.EQUSA.PLATZI.LI.COM.,,,"334,6",,,,,
Argentina,Licenciatura,Completa,Centro,Princing Provincia o Programas Especiales /Solo programas especiales/ Fijo,Hotlead,99300,193000,193000,193000,193000,ARG3.10%.HOTL.TIT.LI.COM.,,,"334,6",,,,,
Argentina,Licenciatura,Completa,Centro,Princing Provincia o Programas Especiales /Solo programas especiales/ Fijo,Hotlead,110200,203900,203900,203900,203900,ARG3.10%.HOTL.TIT.PLATZI.LI.COM.,,,"334,6",,,,,
Argentina,Licenciatura,Completa,Centro,Princing Provincia o Programas Especiales /Solo programas especiales/ Fijo,Hotlead,117400,218400,218400,218400,218400,ARG3.10%.HOTL.TIT.EQUSA.PLATZI.LI.COM.,,,"334,6",,,,,
Argentina,Licenciatura,Completa,Centro,Princing Provincia o Programas Especiales /Solo programas especiales/ Fijo,RMKT,86300,167000,167000,167000,167000,ARG3.10%.RMKT.TIT.LI.COM.,,,"334,6",,,,,
Argentina,Licenciatura,Completa,Centro,Princing Provincia o Programas Especiales /Solo programas especiales/ Fijo,RMKT,97200,177900,177900,177900,177900,ARG3.10%.RMKT.TIT.PLATZI.LI.COM.,,,"334,6",,,,,
Argentina,Licenciatura,Completa,Centro,Princing Provincia o Programas Especiales /Solo programas especiales/ Fijo,RMKT,104400,192300,192300,192300,192300,ARG3.10%.RMKT.TIT.EQUSA.PLATZI.LI.COM.,,,"334,6",,,,,
Argentina,Licenciatura,Completa,Centro,Princing Provincia o Programas Especiales /Solo programas especiales/ Fijo,SUPER PROMO,90600,175700,175700,175700,175700,ARG3.10%.SUPE.TIT.LI.COM.,,,"334,6",,,,,
Argentina,Licenciatura,Completa,Centro,Princing Provincia o Programas Especiales /Solo programas especiales/ Fijo,SUPER PROMO,101500,186600,186600,186600,186600,ARG3.10%.SUPE.TIT.PLATZI.LI.COM.,,,"334,6",,,,,
Argentina,Licenciatura,Completa,Centro,Princing Provincia o Programas Especiales /Solo programas especiales/ Fijo,SUPER PROMO,108700,201000,201000,201000,201000,ARG3.10%.SUPE.TIT.EQUSA.PLATZI.LI.COM.,,,"334,6",,,,,
Argentina,Licenciatura,Completa,Centro,Princing Buenos Aires / Semestral,Hotlead,180600,180600,180600,180600,180600,ARG3.SEMESTRAL.HOTL.TIT.LI.COM.1.10.26,,,"334,6",,,,,
Argentina,Licenciatura,Completa,Centro,Princing Buenos Aires / Semestral,Hotlead,191500,191500,191500,191500,191500,ARG3.SEMESTRAL.HOTL.TIT.PLATZI.LI.COM.1.10.26,,,"334,6",,,,,
Argentina,Licenciatura,Completa,Centro,Princing Buenos Aires / Semestral,Hotlead,207600,207600,207600,207600,207600,ARG3.SEMESTRAL.HOTL.TIT.EQUSA.PLATZI.LI.COM.1.10.26,,,"334,6",,,,,
Argentina,Licenciatura,Completa,Centro,Princing Buenos Aires / Semestral,RMKT,153700,153700,153700,153700,153700,ARG3.SEMESTRAL.RMKT.TIT.LI.COM.1.10.26,,,"334,6",,,,,
Argentina,Licenciatura,Completa,Centro,Princing Buenos Aires / Semestral,RMKT,164600,164600,164600,164600,164600,ARG3.SEMESTRAL.RMKT.TIT.PLATZI.LI.COM.1.10.26,,,"334,6",,,,,
Argentina,Licenciatura,Completa,Centro,Princing Buenos Aires / Semestral,RMKT,180600,180600,180600,180600,180600,ARG3.SEMESTRAL.RMKT.TIT.EQUSA.PLATZI.LI.COM.1.10.26,,,"334,6",,,,,
Argentina,Licenciatura,Completa,Centro,Princing Buenos Aires / Semestral,SUPER PROMO,164200,164200,164200,164200,164200,ARG3.SEMESTRAL.SUPE.TIT.LI.COM.1.10.26,,,"334,6",,,,,
Argentina,Licenciatura,Completa,Centro,Princing Buenos Aires / Semestral,SUPER PROMO,175100,175100,175100,175100,175100,ARG3.SEMESTRAL.SUPE.TIT.PLATZI.LI.COM.1.10.26,,,"334,6",,,,,
Argentina,Licenciatura,Completa,Centro,Princing Buenos Aires / Semestral,SUPER PROMO,191100,191100,191100,191100,191100,ARG3.SEMESTRAL.SUPE.TIT.EQUSA.PLATZI.LI.COM.1.10.26,,,"334,6",,,,,
Argentina,Licenciatura,Completa,Centro,Princing Provincia o Programas Especiales / Todos los programas / Semestral,Hotlead,171900,171900,171900,171900,171900,ARG3.SEMESTRAL.5%.HOTL.TIT.LI.COM.1.10.26,,,"334,6",,,,,
Argentina,Licenciatura,Completa,Centro,Princing Provincia o Programas Especiales / Todos los programas / Semestral,Hotlead,182800,182800,182800,182800,182800,ARG3.SEMESTRAL.5%.HOTL.TIT.PLATZI.LI.COM.1.10.26,,,"334,6",,,,,
Argentina,Licenciatura,Completa,Centro,Princing Provincia o Programas Especiales / Todos los programas / Semestral,Hotlead,197900,197900,197900,197900,197900,ARG3.SEMESTRAL.5%.HOTL.TIT.EQUSA.PLATZI.LI.COM.1.10.26,,,"334,6",,,,,
Argentina,Licenciatura,Completa,Centro,Princing Provincia o Programas Especiales / Todos los programas / Semestral,RMKT,146400,146400,146400,146400,146400,ARG3.SEMESTRAL.5%.RMKT.TIT.LI.COM.1.10.26,,,"334,6",,,,,
Argentina,Licenciatura,Completa,Centro,Princing Provincia o Programas Especiales / Todos los programas / Semestral,RMKT,157300,157300,157300,157300,157300,ARG3.SEMESTRAL.5%.RMKT.TIT.PLATZI.LI.COM.1.10.26,,,"334,6",,,,,
Argentina,Licenciatura,Completa,Centro,Princing Provincia o Programas Especiales / Todos los programas / Semestral,RMKT,172500,172500,172500,172500,172500,ARG3.SEMESTRAL.5%.RMKT.TIT.EQUSA.PLATZI.LI.COM.1.10.26,,,"334,6",,,,,
Argentina,Licenciatura,Completa,Centro,Princing Provincia o Programas Especiales / Todos los programas / Semestral,SUPER PROMO,156200,156200,156200,156200,156200,ARG3.SEMESTRAL.5%.SUPE.TIT.LI.COM.1.10.26,,,"334,6",,,,,
Argentina,Licenciatura,Completa,Centro,Princing Provincia o Programas Especiales / Todos los programas / Semestral,SUPER PROMO,167100,167100,167100,167100,167100,ARG3.SEMESTRAL.5%.SUPE.TIT.PLATZI.LI.COM.1.10.26,,,"334,6",,,,,
Argentina,Licenciatura,Completa,Centro,Princing Provincia o Programas Especiales / Todos los programas / Semestral,SUPER PROMO,182400,182400,182400,182400,182400,ARG3.SEMESTRAL.5%.SUPE.TIT.EQUSA.PLATZI.LI.COM.1.10.26,,,"334,6",,,,,
Argentina,Licenciatura,Completa,Centro,Princing Provincia o Programas Especiales /Solo programas especiales/ Semestral,Hotlead,163700,163700,163700,163700,163700,ARG3.SEMESTRAL.10%.HOTL.TIT.LI.COM.1.10.26,,,"334,6",,,,,
Argentina,Licenciatura,Completa,Centro,Princing Provincia o Programas Especiales /Solo programas especiales/ Semestral,Hotlead,174600,174600,174600,174600,174600,ARG3.SEMESTRAL.10%.HOTL.TIT.PLATZI.LI.COM.1.10.26,,,"334,6",,,,,
Argentina,Licenciatura,Completa,Centro,Princing Provincia o Programas Especiales /Solo programas especiales/ Semestral,Hotlead,188900,188900,188900,188900,188900,ARG3.SEMESTRAL.10%.HOTL.TIT.EQUSA.PLATZI.LI.COM.1.10.26,,,"334,6",,,,,
Argentina,Licenciatura,Completa,Centro,Princing Provincia o Programas Especiales /Solo programas especiales/ Semestral,RMKT,139300,139300,139300,139300,139300,ARG3.SEMESTRAL.10%.RMKT.TIT.LI.COM.1.10.26,,,"334,6",,,,,
Argentina,Licenciatura,Completa,Centro,Princing Provincia o Programas Especiales /Solo programas especiales/ Semestral,RMKT,150200,150200,150200,150200,150200,ARG3.SEMESTRAL.10%.RMKT.TIT.PLATZI.LI.COM.1.10.26,,,"334,6",,,,,
Argentina,Licenciatura,Completa,Centro,Princing Provincia o Programas Especiales /Solo programas especiales/ Semestral,RMKT,164600,164600,164600,164600,164600,ARG3.SEMESTRAL.10%.RMKT.TIT.EQUSA.PLATZI.LI.COM.1.10.26,,,"334,6",,,,,
Argentina,Licenciatura,Completa,Centro,Princing Provincia o Programas Especiales /Solo programas especiales/ Semestral,SUPER PROMO,148800,148800,148800,148800,148800,ARG3.SEMESTRAL.10%.SUPE.TIT.LI.COM.1.10.26,,,"334,6",,,,,
Argentina,Licenciatura,Completa,Centro,Princing Provincia o Programas Especiales /Solo programas especiales/ Semestral,SUPER PROMO,159700,159700,159700,159700,159700,ARG3.SEMESTRAL.10%.SUPE.TIT.PLATZI.LI.COM.1.10.26,,,"334,6",,,,,
Argentina,Licenciatura,Completa,Centro,Princing Provincia o Programas Especiales /Solo programas especiales/ Semestral,SUPER PROMO,174200,174200,174200,174200,174200,ARG3.SEMESTRAL.10%.SUPE.TIT.EQUSA.PLATZI.LI.COM.1.10.26,,,"334,6",,,,,
Argentina,Licenciatura,Intensiva,Centro,Pricing Buenos Aires / Fijo,Hotlead,121500,237400,237400,237400,237400,ARG3.HOTL.TIT.LI.INT.,,,"371,8",,,,,
Argentina,Licenciatura,Intensiva,Centro,Pricing Buenos Aires / Fijo,Hotlead,132400,248300,248300,248300,248300,ARG3.HOTL.TIT.PLATZI.LI.INT.,,,"371,8",,,,,
Argentina,Licenciatura,Intensiva,Centro,Pricing Buenos Aires / Fijo,Hotlead,143000,269600,269600,269600,269600,ARG3.HOTL.TIT.EQUSA.PLATZI.LI.INT.,,,"371,8",,,,,
Argentina,Licenciatura,Intensiva,Centro,Pricing Buenos Aires / Fijo,RMKT,105700,205900,205900,205900,205900,ARG3.RMKT2.TIT.LI.INT.,,,"371,8",,,,,
Argentina,Licenciatura,Intensiva,Centro,Pricing Buenos Aires / Fijo,RMKT,116600,216800,216800,216800,216800,ARG3.RMKT2.TIT.PLATZI.LI.INT.,,,"371,8",,,,,
Argentina,Licenciatura,Intensiva,Centro,Pricing Buenos Aires / Fijo,RMKT,127200,237900,237900,237900,237900,ARG3.RMKT.TIT.EQUSA.PLATZI.LI.INT.,,,"371,8",,,,,
Argentina,Licenciatura,Intensiva,Centro,Pricing Buenos Aires / Fijo,SUPER PROMO,111000,216400,216400,216400,216400,ARG3.SUPE.TIT.LI.INT.,,,"371,8",,,,,
Argentina,Licenciatura,Intensiva,Centro,Pricing Buenos Aires / Fijo,SUPER PROMO,121900,227300,227300,227300,227300,ARG3.SUPE.TIT.PLATZI.LI.INT.,,,"371,8",,,,,
Argentina,Licenciatura,Intensiva,Centro,Pricing Buenos Aires / Fijo,SUPER PROMO,132500,237600,237600,237600,237600,ARG3.SUPE.TIT.EQUSA.PLATZI.LI.INT.,,,"371,8",,,,,
Argentina,Licenciatura,Intensiva,Centro,Princing Provincia o Programas Especiales / Todos los programas / Fijo,Hotlead,115700,225900,225900,225900,225900,ARG3.5%.HOTL.TIT.LI.INT.,,,"371,8",,,,,
Argentina,Licenciatura,Intensiva,Centro,Princing Provincia o Programas Especiales / Todos los programas / Fijo,Hotlead,126600,236800,236800,236800,236800,ARG3.5%.HOTL.TIT.PLATZI.LI.INT.,,,"371,8",,,,,
Argentina,Licenciatura,Intensiva,Centro,Princing Provincia o Programas Especiales / Todos los programas / Fijo,Hotlead,136700,256900,256900,256900,256900,ARG3.5%.HOTL.TIT.EQUSA.PLATZI.LI.INT.,,,"371,8",,,,,
Argentina,Licenciatura,Intensiva,Centro,Princing Provincia o Programas Especiales / Todos los programas / Fijo,RMKT,100700,195900,195900,195900,195900,ARG3.5%.RMKT.TIT.LI.INT.,,,"371,8",,,,,
Argentina,Licenciatura,Intensiva,Centro,Princing Provincia o Programas Especiales / Todos los programas / Fijo,RMKT,111600,206800,206800,206800,206800,ARG3.5%.RMKT.TIT.PLATZI.LI.INT.,,,"371,8",,,,,
Argentina,Licenciatura,Intensiva,Centro,Princing Provincia o Programas Especiales / Todos los programas / Fijo,RMKT,121700,226900,226900,226900,226900,ARG3.5%.RMKT.TIT.EQUSA.PLATZI.LI.INT.,,,"371,8",,,,,
Argentina,Licenciatura,Intensiva,Centro,Princing Provincia o Programas Especiales / Todos los programas / Fijo,SUPER PROMO,105700,205800,205800,205800,205800,ARG3.5%.SUPE.TIT.LI.INT.,,,"371,8",,,,,
Argentina,Licenciatura,Intensiva,Centro,Princing Provincia o Programas Especiales / Todos los programas / Fijo,SUPER PROMO,116600,216700,216700,216700,216700,ARG3.5%.SUPE.TIT.PLATZI.LI.INT.,,,"371,8",,,,,
Argentina,Licenciatura,Intensiva,Centro,Princing Provincia o Programas Especiales / Todos los programas / Fijo,SUPER PROMO,126700,237000,237000,237000,237000,ARG3.5%.SUPE.TIT.EQUSA.PLATZI.LI.INT.,,,"371,8",,,,,
Argentina,Licenciatura,Intensiva,Centro,Princing Provincia o Programas Especiales /Solo programas especiales/ Fijo,Hotlead,110100,214800,214800,214800,214800,ARG3.10%.HOTL.TIT.LI.INT.,,,"371,8",,,,,
Argentina,Licenciatura,Intensiva,Centro,Princing Provincia o Programas Especiales /Solo programas especiales/ Fijo,Hotlead,121000,225700,225700,225700,225700,ARG3.10%.HOTL.TIT.PLATZI.LI.INT.,,,"371,8",,,,,
Argentina,Licenciatura,Intensiva,Centro,Princing Provincia o Programas Especiales /Solo programas especiales/ Fijo,Hotlead,130700,245000,245000,245000,245000,ARG3.10%.HOTL.TIT.EQUSA.PLATZI.LI.INT.,,,"371,8",,,,,
Argentina,Licenciatura,Intensiva,Centro,Princing Provincia o Programas Especiales /Solo programas especiales/ Fijo,RMKT,96000,186400,186400,186400,186400,ARG3.10%.RMKT.TIT.LI.INT.,,,"371,8",,,,,
Argentina,Licenciatura,Intensiva,Centro,Princing Provincia o Programas Especiales /Solo programas especiales/ Fijo,RMKT,106900,197300,197300,197300,197300,ARG3.10%.RMKT.TIT.PLATZI.LI.INT.,,,"371,8",,,,,
Argentina,Licenciatura,Intensiva,Centro,Princing Provincia o Programas Especiales /Solo programas especiales/ Fijo,RMKT,116400,216400,216400,216400,216400,ARG3.10%.RMKT.TIT.EQUSA.PLATZI.LI.INT.,,,"371,8",,,,,
Argentina,Licenciatura,Intensiva,Centro,Princing Provincia o Programas Especiales /Solo programas especiales/ Fijo,SUPER PROMO,100700,195800,195800,195800,195800,ARG3.10%.SUPE.TIT.LI.INT.,,,"371,8",,,,,
Argentina,Licenciatura,Intensiva,Centro,Princing Provincia o Programas Especiales /Solo programas especiales/ Fijo,SUPER PROMO,111600,206700,206700,206700,206700,ARG3.10%.SUPE.TIT.PLATZI.LI.INT.,,,"371,8",,,,,
Argentina,Licenciatura,Intensiva,Centro,Princing Provincia o Programas Especiales /Solo programas especiales/ Fijo,SUPER PROMO,121200,225900,225900,225900,225900,ARG3.10%.SUPE.TIT.EQUSA.PLATZI.LI.INT.,,,"371,8",,,,,
Argentina,Licenciatura,Intensiva,Centro,Princing Buenos Aires / Semestral,Hotlead,201300,201300,201300,201300,201300,ARG3.SEMESTRAL.HOTL.TIT.LI.INT.1.10.26,,,"371,8",,,,,
Argentina,Licenciatura,Intensiva,Centro,Princing Buenos Aires / Semestral,Hotlead,212200,212200,212200,212200,212200,ARG3.SEMESTRAL.HOTL.TIT.PLATZI.LI.INT.1.10.26,,,"371,8",,,,,
Argentina,Licenciatura,Intensiva,Centro,Princing Buenos Aires / Semestral,Hotlead,231500,231500,231500,231500,231500,ARG3.SEMESTRAL.HOTL.TIT.EQUSA.PLATZI.LI.INT.1.10.26,,,"371,8",,,,,
Argentina,Licenciatura,Intensiva,Centro,Princing Buenos Aires / Semestral,RMKT,174600,174600,174600,174600,174600,ARG3.SEMESTRAL.RMKT2.TIT.LI.INT.1.10.26,,,"371,8",,,,,
Argentina,Licenciatura,Intensiva,Centro,Princing Buenos Aires / Semestral,RMKT,185500,185500,185500,185500,185500,ARG3.SEMESTRAL.RMKT2.TIT.PLATZI.LI.INT.1.10.26,,,"371,8",,,,,
Argentina,Licenciatura,Intensiva,Centro,Princing Buenos Aires / Semestral,RMKT,204800,204800,204800,204800,204800,ARG3.SEMESTRAL.RMKT2.TIT.EQUSA.PLATZI.LI.INT.1.10.26,,,"371,8",,,,,
Argentina,Licenciatura,Intensiva,Centro,Princing Buenos Aires / Semestral,SUPER PROMO,183500,183500,183500,183500,183500,ARG3.SEMESTRAL.SUPE.TIT.LI.INT.1.10.26,,,"371,8",,,,,
Argentina,Licenciatura,Intensiva,Centro,Princing Buenos Aires / Semestral,SUPER PROMO,194400,194400,194400,194400,194400,ARG3.SEMESTRAL.SUPE.TIT.PLATZI.LI.INT.1.10.26,,,"371,8",,,,,
Argentina,Licenciatura,Intensiva,Centro,Princing Buenos Aires / Semestral,SUPER PROMO,213700,213700,213700,213700,213700,ARG3.SEMESTRAL.SUPE.TIT.EQUSA.PLATZI.LI.INT.1.10.26,,,"371,8",,,,,
Argentina,Licenciatura,Intensiva,Centro,Princing Provincia o Programas Especiales / Todos los programas / Semestral,Hotlead,191200,191200,191200,191200,191200,ARG3.SEMESTRAL.5%.HOTL.TIT.LI.INT.1.10.26,,,"371,8",,,,,
Argentina,Licenciatura,Intensiva,Centro,Princing Provincia o Programas Especiales / Todos los programas / Semestral,Hotlead,201600,201600,201600,201600,201600,ARG3.SEMESTRAL.5%.HOTL.TIT.PLATZI.LI.INT.1.10.26,,,"371,8",,,,,
Argentina,Licenciatura,Intensiva,Centro,Princing Provincia o Programas Especiales / Todos los programas / Semestral,Hotlead,219900,219900,219900,219900,219900,ARG3.SEMESTRAL.5%.HOTL.TIT.EQUSA.PLATZI.LI.INT.1.10.26,,,"371,8",,,,,
Argentina,Licenciatura,Intensiva,Centro,Princing Provincia o Programas Especiales / Todos los programas / Semestral,RMKT,165900,165900,165900,165900,165900,ARG3.SEMESTRAL.5%.RMKT.TIT.LI.INT.1.10.26,,,"371,8",,,,,
Argentina,Licenciatura,Intensiva,Centro,Princing Provincia o Programas Especiales / Todos los programas / Semestral,RMKT,176200,176200,176200,176200,176200,ARG3.SEMESTRAL.5%.RMKT.TIT.PLATZI.LI.INT.1.10.26,,,"371,8",,,,,
Argentina,Licenciatura,Intensiva,Centro,Princing Provincia o Programas Especiales / Todos los programas / Semestral,RMKT,194600,194600,194600,194600,194600,ARG3.SEMESTRAL.5%.RMKT.TIT.EQUSA.PLATZI.LI.INT.1.10.26,,,"371,8",,,,,
Argentina,Licenciatura,Intensiva,Centro,Princing Provincia o Programas Especiales / Todos los programas / Semestral,SUPER PROMO,174300,174300,174300,174300,174300,ARG3.SEMESTRAL.5%.SUPE.TIT.LI.INT.1.10.26,,,"371,8",,,,,
Argentina,Licenciatura,Intensiva,Centro,Princing Provincia o Programas Especiales / Todos los programas / Semestral,SUPER PROMO,184700,184700,184700,184700,184700,ARG3.SEMESTRAL.5%.SUPE.TIT.PLATZI.LI.INT.1.10.26,,,"371,8",,,,,
Argentina,Licenciatura,Intensiva,Centro,Princing Provincia o Programas Especiales / Todos los programas / Semestral,SUPER PROMO,203000,203000,203000,203000,203000,ARG3.SEMESTRAL.5%.SUPE.TIT.EQUSA.PLATZI.LI.INT.1.10.26,,,"371,8",,,,,
Argentina,Licenciatura,Intensiva,Centro,Princing Provincia o Programas Especiales /Solo programas especiales/ Semestral,Hotlead,181600,181600,181600,181600,181600,ARG3.SEMESTRAL.10%.HOTL.TIT.LI.INT.1.10.26,,,"371,8",,,,,
Argentina,Licenciatura,Intensiva,Centro,Princing Provincia o Programas Especiales /Solo programas especiales/ Semestral,Hotlead,191500,191500,191500,191500,191500,ARG3.SEMESTRAL.10%.HOTL.TIT.PLATZI.LI.INT.1.10.26,,,"371,8",,,,,
Argentina,Licenciatura,Intensiva,Centro,Princing Provincia o Programas Especiales /Solo programas especiales/ Semestral,Hotlead,208900,208900,208900,208900,208900,ARG3.SEMESTRAL.10%.HOTL.TIT.EQUSA.PLATZI.LI.INT.1.10.26,,,"371,8",,,,,
Argentina,Licenciatura,Intensiva,Centro,Princing Provincia o Programas Especiales /Solo programas especiales/ Semestral,RMKT,157600,157600,157600,157600,157600,ARG3.SEMESTRAL.10%.RMKT.TIT.LI.INT.1.10.26,,,"371,8",,,,,
Argentina,Licenciatura,Intensiva,Centro,Princing Provincia o Programas Especiales /Solo programas especiales/ Semestral,RMKT,167400,167400,167400,167400,167400,ARG3.SEMESTRAL.10%.RMKT.TIT.PLATZI.LI.INT.1.10.26,,,"371,8",,,,,
Argentina,Licenciatura,Intensiva,Centro,Princing Provincia o Programas Especiales /Solo programas especiales/ Semestral,RMKT,184900,184900,184900,184900,184900,ARG3.SEMESTRAL.10%.RMKT.TIT.EQUSA.PLATZI.LI.INT.1.10.26,,,"371,8",,,,,
Argentina,Licenciatura,Intensiva,Centro,Princing Provincia o Programas Especiales /Solo programas especiales/ Semestral,SUPER PROMO,165600,165600,165600,165600,165600,ARG3.SEMESTRAL.10%.SUPE.TIT.LI.INT.1.10.26,,,"371,8",,,,,
Argentina,Licenciatura,Intensiva,Centro,Princing Provincia o Programas Especiales /Solo programas especiales/ Semestral,SUPER PROMO,175500,175500,175500,175500,175500,ARG3.SEMESTRAL.10%.SUPE.TIT.PLATZI.LI.INT.1.10.26,,,"371,8",,,,,
Argentina,Licenciatura,Intensiva,Centro,Princing Provincia o Programas Especiales /Solo programas especiales/ Semestral,SUPER PROMO,192900,192900,192900,192900,192900,ARG3.SEMESTRAL.10%.SUPE.TIT.EQUSA.PLATZI.LI.INT.1.10.26,,,"371,8",,,,,
USA,Licenciatura,Intensiva,Centro,Princing Medio,Hotlead,149,210,221,246,246,USA.P1.LI.INT.,P6.USA.INT3M,,500,,,,,
USA,Licenciatura,Intensiva,Centro,Princing Medio,Hotlead,164,225,236,261,261,USA.P1.LI.INT.,P6.USA.INT3M,,500,,,,,
USA,Licenciatura,Intensiva,Centro,Princing Medio,Hotlead,169,230,241,266,266,USA.P1.LI.INT.,P6.USA.INT3M,,500,,,,,
USA,Licenciatura,Intensiva,Centro,Princing Medio,Hotlead,179,240,251,276,276,USA.P1.LI.INT.,P6.USA.INT3M,,500,,,,,
USA,Licenciatura,Intensiva,Centro,Princing Medio,Hotlead,179,240,251,276,276,USA.P1.LI.INT.,P6.USA.INT3M,,500,,,,,
USA,Licenciatura,Intensiva,Centro,Princing Medio,Hotlead,179,240,251,269,269,USA.INGLES.P1.LI.INT.,P1.USA.INGLES.INT3M,,500,,,,,
USA,Licenciatura,Intensiva,Centro,Princing Medio,RMKT+30,113,181,207,231,231,USA.P2.LI.INT.,P7.USA.INT3M,,500,,,,,
USA,Licenciatura,Intensiva,Centro,Princing Medio,RMKT+30,128,196,222,246,246,USA.P2.LI.INT.,P7.USA.INT3M,,500,,,,,
USA,Licenciatura,Intensiva,Centro,Princing Medio,RMKT+30,133,201,227,251,251,USA.P2.LI.INT.,P7.USA.INT3M,,500,,,,,
USA,Licenciatura,Intensiva,Centro,Princing Medio,RMKT+30,143,211,237,261,261,USA.P2.LI.INT.,P7.USA.INT3M,,500,,,,,
USA,Licenciatura,Intensiva,Centro,Princing Medio,RMKT+30,143,211,237,261,261,USA.P2.LI.INT.,P7.USA.INT3M,,500,,,,,
USA,Licenciatura,Intensiva,Centro,Princing Medio,RMKT+30,143,211,237,254,254,USA.INGLES.P2.LI.INT.,P2.USA.INGLES.INT3M,,500,,,,,
USA,Licenciatura,Intensiva,Centro,Princing Medio,RMKT+60,113,166,189,210,210,USA.P3.LI.INT.,P8.USA.INT3M,,500,,,,,
USA,Licenciatura,Intensiva,Centro,Princing Medio,RMKT+60,128,181,204,225,225,USA.P3.LI.INT.,P8.USA.INT3M,,500,,,,,
USA,Licenciatura,Intensiva,Centro,Princing Medio,RMKT+60,133,186,209,230,230,USA.P3.LI.INT.,P8.USA.INT3M,,500,,,,,
USA,Licenciatura,Intensiva,Centro,Princing Medio,RMKT+60,143,196,219,240,240,USA.P3.LI.INT.,P8.USA.INT3M,,500,,,,,
USA,Licenciatura,Intensiva,Centro,Princing Medio,RMKT+60,143,196,219,240,240,USA.P3.LI.INT.,P8.USA.INT3M,,500,,,,,
USA,Licenciatura,Intensiva,Centro,Princing Medio,RMKT+60,143,196,219,233,233,USA.INGLES.P3.LI.INT.,P3.USA.INGLES.INT3M,,500,,,,,
USA,Licenciatura,Intensiva,Centro,Princing Medio,SUPER PROMO,134,189,199,241,241,USA.P4.LI.INT.,P9.USA.INT3M,,500,,,,,
USA,Licenciatura,Intensiva,Centro,Princing Medio,SUPER PROMO,149,204,214,256,256,USA.P4.LI.INT.,P9.USA.INT3M,,500,,,,,
USA,Licenciatura,Intensiva,Centro,Princing Medio,SUPER PROMO,154,209,219,261,261,USA.P4.LI.INT.,P9.USA.INT3M,,500,,,,,
USA,Licenciatura,Intensiva,Centro,Princing Medio,SUPER PROMO,164,219,229,271,271,USA.P4.LI.INT.,P9.USA.INT3M,,500,,,,,
USA,Licenciatura,Intensiva,Centro,Princing Medio,SUPER PROMO,164,219,229,271,271,USA.P4.LI.INT.,P9.USA.INT3M,,500,,,,,
USA,Licenciatura,Intensiva,Centro,Princing Medio,SUPER PROMO,164,219,229,264,264,USA.INGLES.P4.LI.INT.,P4.USA.INGLES.INT3M,,500,,,,,
El Salvador,Licenciatura,Completa,Centro,Princing Medio,Hotlead,80,96,112,112,112,SAL.HOTL.TIT.LI.COM.,,,162,,,,,
El Salvador,Licenciatura,Completa,Centro,Princing Medio,Hotlead,95,111,127,127,127,SAL.HOTL.TIT.EQUSA.LI.COM.,,,162,,,,,
El Salvador,Licenciatura,Completa,Centro,Princing Medio,RMKT+30,72,86,101,101,101,SAL.RMKT1.TIT.LI.COM.,,,162,,,,,
El Salvador,Licenciatura,Completa,Centro,Princing Medio,RMKT+30,87,101,116,116,116,SAL.RMKT1.TIT.EQUSA.LI.COM.,,,162,,,,,
El Salvador,Licenciatura,Completa,Centro,Princing Medio,RMKT+60,70,84,99,99,99,SAL.RMKT2.TIT.LI.COM.,,,162,,,,,
El Salvador,Licenciatura,Completa,Centro,Princing Medio,RMKT+60,85,99,114,114,114,SAL.RMKT2.TIT.EQUSA.LI.COM.,,,162,,,,,
El Salvador,Licenciatura,Completa,Centro,Princing Medio,SUPER PROMO,76,91,107,107,107,SAL.SUPE.TIT.LI.COM.,,,162,,,,,
El Salvador,Licenciatura,Completa,Centro,Princing Medio,SUPER PROMO,91,106,122,122,122,SAL.SUPE.TIT.EQUSA.LI.COM.,,,162,,,,,
El Salvador,Licenciatura,Intensiva,Centro,Princing Medio,Hotlead,91,110,129,129,129,SAL.HOTL.TIT.LI.INT.,,,180,,,,,
El Salvador,Licenciatura,Intensiva,Centro,Princing Medio,Hotlead,106,125,144,144,144,SAL.HOTL.TIT.EQUSA.LI.INT.,,,180,,,,,
El Salvador,Licenciatura,Intensiva,Centro,Princing Medio,RMKT+30,72,97,113,113,113,SAL.RMKT1.TIT.LI.INT.,,,180,,,,,
El Salvador,Licenciatura,Intensiva,Centro,Princing Medio,RMKT+30,87,112,128,128,128,SAL.RMKT1.TIT.EQUSA.LI.INT.,,,180,,,,,
El Salvador,Licenciatura,Intensiva,Centro,Princing Medio,RMKT+60,70,91,106,106,106,SAL.RMKT2.TIT.LI.INT.,,,180,,,,,
El Salvador,Licenciatura,Intensiva,Centro,Princing Medio,RMKT+60,85,106,121,121,121,SAL.RMKT2.TIT.EQUSA.LI.INT.,,,180,,,,,
El Salvador,Licenciatura,Intensiva,Centro,Princing Medio,SUPER PROMO,87,105,123,123,123,SAL.SUPE.TIT.LI.INT.,,,180,,,,,
El Salvador,Licenciatura,Intensiva,Centro,Princing Medio,SUPER PROMO,102,120,138,138,138,SAL.SUPE.TIT.EQUSA.LI.INT.,,,180,,,,,
R.Dominicana,Licenciatura,Completa,Centro,Princing Medio,Hotlead,3045,3355,6445,6445,6445,DOM.P1.LI.COM.,P1.DOM.COM2M,,15,,,,,
R.Dominicana,Licenciatura,Completa,Centro,Princing Medio,Hotlead,3045,3355,7225,7225,7225,DOM.P1.LI.COM.,P2.DOM.COM2M,,15,,,,,
R.Dominicana,Licenciatura,Completa,Centro,Princing Medio,Hotlead,3375,3685,7555,7555,7555,DOM.P1.LI.COM.,P2.DOM.COM2M,,15,,,,,
R.Dominicana,Licenciatura,Completa,Centro,Princing Medio,RMKT+30,2695,2965,5675,5675,5675,DOM.P2.LI.COM.,P3.DOM.COM2M,,15,,,,,
R.Dominicana,Licenciatura,Completa,Centro,Princing Medio,RMKT+30,2695,2965,6455,6455,6455,DOM.P2.LI.COM.,P4.DOM.COM2M,,15,,,,,
R.Dominicana,Licenciatura,Completa,Centro,Princing Medio,RMKT+30,3025,3295,6785,6785,6785,DOM.P2.LI.COM.,P4.DOM.COM2M,,15,,,,,
R.Dominicana,Licenciatura,Completa,Centro,Princing Medio,SUPER PROMO,2785,3065,5875,5875,5875,DOM.P3.LI.COM.,P5.DOM.COM2M,,15,,,,,
R.Dominicana,Licenciatura,Completa,Centro,Princing Medio,SUPER PROMO,2785,3065,6655,6655,6655,DOM.P3.LI.COM.,P6.DOM.COM2M,,15,,,,,
R.Dominicana,Licenciatura,Completa,Centro,Princing Medio,SUPER PROMO,3115,3395,6985,6985,6985,DOM.P3.LI.COM.,P6.DOM.COM2M,,15,,,,,
R.Dominicana,Licenciatura,Intensiva,Centro,Princing Medio,Hotlead,3318,3659,7062,7062,7062,DOM.P1.LI.INT.,P2.DOM.INT2M,,21176,,,,,
R.Dominicana,Licenciatura,Intensiva,Centro,Princing Medio,Hotlead,3318,3659,7842,7842,7842,DOM.P1.LI.INT.,P3.DOM.INT2M,,21176,,,,,
R.Dominicana,Licenciatura,Intensiva,Centro,Princing Medio,Hotlead,3648,3989,8172,8172,8172,DOM.P1.LI.INT.,P3.DOM.INT2M,,21176,,,,,
R.Dominicana,Licenciatura,Intensiva,Centro,Princing Medio,RMKT+30,2937,3235,6215,6215,6215,DOM.P2.LI.INT.,P4.DOM.INT2M,,21176,,,,,
R.Dominicana,Licenciatura,Intensiva,Centro,Princing Medio,RMKT+30,2937,3235,6995,6995,6995,DOM.P2.LI.INT.,P5.DOM.INT2M,,21176,,,,,
R.Dominicana,Licenciatura,Intensiva,Centro,Princing Medio,RMKT+30,3267,3565,7325,7325,7325,DOM.P2.LI.INT.,P5.DOM.INT2M,,21176,,,,,
R.Dominicana,Licenciatura,Intensiva,Centro,Princing Medio,SUPER PROMO,3032,3341,6427,6427,6427,DOM.P3.LI.INT.,P6.DOM.INT2M,,21176,,,,,
R.Dominicana,Licenciatura,Intensiva,Centro,Princing Medio,SUPER PROMO,3032,3341,7207,7207,7207,DOM.P3.LI.INT.,P7.DOM.INT2M,,21176,,,,,
R.Dominicana,Licenciatura,Intensiva,Centro,Princing Medio,SUPER PROMO,3362,3671,7537,7537,7537,DOM.P3.LI.INT.,P7.DOM.INT2M,,21176,,,,,
R.Dominicana,Licenciatura,Intensiva,Centro,Princing Medio,UNICA,2497,2777,5402,5402,5402,DOM.P4.LI.INT.,P8.DOM.INT2M,,21176,,,,,
R.Dominicana,Licenciatura,Intensiva,Centro,Princing Medio,UNICA,2497,2777,6182,6182,6182,DOM.P4.LI.INT.,P9.DOM.INT2M,,21176,,,,,
R.Dominicana,Licenciatura,Intensiva,Centro,Princing Medio,UNICA,2827,3107,6512,6512,6512,DOM.P4.LI.INT.,P9.DOM.INT2M,,21176,,,,,
Guatemala,Licenciatura,Completa,Centro,Princing Medio,Hotlead,611,736,860,860,860,GUA.HOTL.TIT.LI.COM.,,,1055,,,,,
Guatemala,Licenciatura,Completa,Centro,Princing Medio,Hotlead,726,851,975,975,975,GUA.HOTL.TIT.EQUSA.LI.COM.,,,1055,,,,,
Guatemala,Licenciatura,Completa,Centro,Princing Medio,RMKT+30,549,660,772,772,772,GUA.RMKT1.TIT.LI.COM.,,,1055,,,,,
Guatemala,Licenciatura,Completa,Centro,Princing Medio,RMKT+30,664,776,887,887,887,GUA.RMKT1.TIT.EQUSA.LI.COM.,,,1055,,,,,
Guatemala,Licenciatura,Completa,Centro,Princing Medio,SUPER PROMO,581,699,817,817,817,GUA.SUPE.TIT.LI.COM.,,,1055,,,,,
Guatemala,Licenciatura,Completa,Centro,Princing Medio,SUPER PROMO,696,814,932,932,932,GUA.SUPE.TIT.EQUSA.LI.COM.,,,1055,,,,,
Guatemala,Licenciatura,Intensiva,Centro,Princing Medio,Hotlead,702,845,989,989,989,GUA.HOTL.TIT.LI.INT.,,,1055,,,,,
Guatemala,Licenciatura,Intensiva,Centro,Princing Medio,Hotlead,817,960,1104,1104,1104,GUA.HOTL.TIT.EQUSA.LI.INT.,,,1055,,,,,
Guatemala,Licenciatura,Intensiva,Centro,Princing Medio,RMKT+30,549,743,868,868,868,GUA.RMKT1.TIT.LI.INT.,,,1055,,,,,
Guatemala,Licenciatura,Intensiva,Centro,Princing Medio,RMKT+30,664,858,983,983,983,GUA.RMKT1.TIT.EQUSA.LI.INT.,,,1055,,,,,
Guatemala,Licenciatura,Intensiva,Centro,Princing Medio,SUPER PROMO,666,803,940,940,940,GUA.SUPE.TIT.LI.INT.,,,1055,,,,,
Guatemala,Licenciatura,Intensiva,Centro,Princing Medio,SUPER PROMO,782,918,1055,1055,1055,GUA.SUPE.TIT.EQUSA.LI.INT.,,,1055,,,,,
Ecuador,Maestria,,Centro,Pricing Medio,Hotlead,104,104,233,233,233,ECU.P1.MAE.,P3.ECU.MAE2M,,333,,,,,
Ecuador,Maestria,,Centro,Pricing Medio,RMKT+30,98,98,221,221,221,ECU.P2.MAE.,P4.ECU.MAE2M,,333,,,,,
Ecuador,Maestria,,Centro,Pricing Medio,RMKT+60,87,87,197,197,197,ECU.P3.MAE.,P5.ECU.MAE2M,,333,,,,,
Ecuador,Maestria,,Centro,Pricing Medio,SUPER PROMO,100,100,226,226,226,ECU.P4.MAE.,P6.ECU.MAE2M,,333,,,,,
Ecuador,Maestria,,Centro,Princing Alto,Hotlead,110,110,245,245,245,,,,333,,,,,
Ecuador,Maestria,,Centro,Princing Alto,RMKT+30,103,103,230,230,230,,,,333,,,,,
Ecuador,Maestria,,Centro,Princing Alto,RMKT+60,94,94,211,211,211,,,,333,,,,,
Ecuador,Maestria,,Centro,Princing Alto,SUPER PROMO,105,105,235,235,235,,,,333,,,,,
Peru,Doctorado,,Centro,Pricing Medio,Hotlead,253,485,601,866,866,PER.P5.DOC.,P7.PER.DOC3M,,1350,,,,,
Peru,Doctorado,,Centro,Pricing Medio,RMKT+30,238,456,563,817,817,PER.P6.DOC.,P8.PER.DOC3M,,1350,,,,,
Peru,Doctorado,,Centro,Pricing Medio,RMKT+60,221,419,516,755,755,PER.P7.DOC.,P9.PER.DOC3M,,1350,,,,,
Peru,Doctorado,,Centro,Pricing Medio,SUPER PROMO,247,467,577,837,837,PER.P8.DOC.,P10.PER.DOC3M,,1350,,,,,
Peru,Doctorado,,Centro,Princing Alto,Hotlead,276,529,655,944,944,PER.P9.DOC.,P11.PER.DOC3M,,1350,,,,,
Peru,Doctorado,,Centro,Princing Alto,RMKT+30,259,497,615,888,888,PER.P4.DOC.,P12.PER.DOC3M,,1350,,,,,
Peru,Doctorado,,Centro,Princing Alto,RMKT+60,237,455,563,812,812,PER.P10.DOC.,P13.PER.DOC3M,,1350,,,,,
Peru,Doctorado,,Centro,Princing Alto,SUPER PROMO,265,508,628,906,906,PER.P11.DOC.,P14.PER.DOC3M,,1350,,,,,
Colombia,Maestria,,Centro,Princing Alto,Hotlead,498160,498160,870925,870925,870925,COL.P1.MAE.,P4.COL.MAE2M,,4384500,,,,,
Colombia,Maestria,,Centro,Princing Alto,RMKT+30,471570,471570,825446,825446,825446,COL.P5.MAE.,P8.COL.MAE2M,,4384500,,,,,
Colombia,Maestria,,Centro,Princing Alto,RMKT+60,417165,417165,732395,732395,732395,COL.P6.MAE.,P9.COL.MAE2M,,4384500,,,,,
Colombia,Maestria,,Centro,Pricing Medio,Hotlead,451555,451555,828085,828085,828085,COL.P2.MAE.,P5.COL.MAE2M,,4384500,,,,,
Colombia,Maestria,,Centro,Pricing Medio,RMKT+30,427326,427326,784777,784777,784777,COL.P7.MAE.,P10.COL.MAE2M,,4384500,,,,,
Colombia,Maestria,,Centro,Pricing Medio,RMKT+60,377754,377754,696168,696168,696168,COL.P8.MAE.,P11.COL.MAE2M,,4384500,,,,,
Colombia,Maestria,,Centro,Princing Bajo,Hotlead,443680,443680,745555,745555,745555,COL.P3.MAE.,P6.COL.MAE2M,,4384500,,,,,
Colombia,Maestria,,Centro,Princing Bajo,RMKT+30,419850,419850,706429,706429,706429,COL.P9.MAE.,P12.COL.MAE2M,,4384500,,,,,
Colombia,Maestria,,Centro,Princing Bajo,RMKT+60,371094,371094,626376,626376,626376,COL.P10.MAE.,P13.COL.MAE2M,,4384500,,,,,
Colombia,Doctorado,,Centro,Doc. Educacion,Hotlead,322650,606566,1117908,1117908,1117908,COL.P5.DOC.4.10.26,P16.COL.DOC2M,,1387500,,,,,
Colombia,Doctorado,,Centro,Doc. Educacion,RMKT+30,322650,606566,1059309,1059309,1059309,COL.P6.DOC.4.10.26,P16.COL.DOC2M,,1387500,,,,,
Colombia,Doctorado,,Centro,Doc. Educacion,RMKT+60,322650,606566,939708,939708,939708,COL.P7.DOC.4.10.26,P16.COL.DOC2M,,1387500,,,,,
Colombia,Doctorado,,Centro,Doc. Educacion,SUPER PROMO,322650,606566,1097764,1097764,1097764,COL.P8.DOC.4.10.26,P16.COL.DOC2M,,1387500,,,,,
Colombia,Doctorado,,Centro,Resto de los Doc.,Hotlead,322650,606566,738700,738700,738700,COL.P9.DOC.4.10.26,P16.COL.DOC2M,,1387500,,,,,
Colombia,Doctorado,,Centro,Resto de los Doc.,RMKT+30,322650,606566,699517,699517,699517,COL.P10.DOC.4.10.26,P16.COL.DOC2M,,1387500,,,,,
Colombia,Doctorado,,Centro,Resto de los Doc.,RMKT+60,322650,606566,619543,619543,619543,COL.P11.DOC.4.10.26,P16.COL.DOC2M,,1387500,,,,,
Colombia,Doctorado,,Centro,Resto de los Doc.,SUPER PROMO,322650,606566,725230,725230,725230,COL.P12.DOC.4.10.26,P16.COL.DOC2M,,1387500,,,,,
Argentina,Maestria,,Centro,Princing Buenos Aires / Fijo,Hotlead,223100,311700,311700,311700,311700,ARG3.HOTL.TIT.PLATZI.MAE.,,,483000,,,,,
Argentina,Maestria,,Centro,Princing Buenos Aires / Fijo,RMKT,196500,273800,273800,273800,273800,ARG3.RMKT.TIT.PLATZI.MAE.,,,483000,,,,,
Argentina,Maestria,,Centro,Princing Buenos Aires / Fijo,SUPER PROMO,205500,286400,286400,286400,286400,ARG3.SUPE.TIT.PLATZI.MAE.,,,483000,,,,,
Argentina,Maestria,,Centro,Princing Provincia / Fijo,Hotlead,212800,296900,296900,296900,296900,ARG3.5%.HOTL.TIT.PLATZI.MAE.,,,483000,,,,,
Argentina,Maestria,,Centro,Princing Provincia / Fijo,RMKT,187500,260900,260900,260900,260900,ARG3.5%.RMKT.TIT.PLATZI.MAE.,,,483000,,,,,
Argentina,Maestria,,Centro,Princing Provincia / Fijo,SUPER PROMO,196000,273000,273000,273000,273000,ARG3.5%.SUPE.TIT.PLATZI.MAE.,,,483000,,,,,
Argentina,Maestria,,Centro,Princing Buenos Aires / Semestral,Hotlead,276200,276200,276200,276200,276200,ARG3.SEMESTRAL.HOTL.TIT.PLATZI.MAE.1.10.26,,,483000,,,,,
Argentina,Maestria,,Centro,Princing Buenos Aires / Semestral,RMKT,242700,242700,242700,242700,242700,ARG3.SEMESTRAL.RMKT.TIT.PLATZI.MAE.1.10.26,,,483000,,,,,
Argentina,Maestria,,Centro,Princing Buenos Aires / Semestral,SUPER PROMO,253900,253900,253900,253900,253900,ARG3.SEMESTRAL.SUPE.TIT.PLATZI.MAE.1.10.26,,,483000,,,,,
Argentina,Maestria,,Centro,Princing Provincia / Semestral,Hotlead,262400,262400,262400,262400,262400,ARG3.SEMESTRAL.5%.HOTL.TIT.PLATZI.MAE.1.10.26,,,483000,,,,,
Argentina,Maestria,,Centro,Princing Provincia / Semestral,RMKT,230600,230600,230600,230600,230600,ARG3.SEMESTRAL.5%.RMKT.TIT.PLATZI.MAE.1.10.26,,,483000,,,,,
Argentina,Maestria,,Centro,Princing Provincia / Semestral,SUPER PROMO,241200,241200,241200,241200,241200,ARG3.SEMESTRAL.5%.SUPE.TIT.PLATZI.MAE.1.10.26,,,483000,,,,,
Argentina,Doctorado,,Centro,Princing Buenos Aires / Semestral,Hotlead,209500,402200,402200,402200,402200,ARG3.HOTL.TIT.PLATZI.DOC.4.10.26,,,668300,,,,,
Argentina,Doctorado,,Centro,Princing Buenos Aires / Semestral,RMKT,182800,349100,349100,349100,349100,ARG3.RKMT.TIT.PLATZI.DOC.4.10.26,,,668300,,,,,
Argentina,Doctorado,,Centro,Princing Buenos Aires / Semestral,SUPER PROMO,191600,366900,366900,366900,366900,ARG3.SUPE.TIT.PLATZI.DOC.4.10.26,,,668300,,,,,
Argentina,Doctorado,,Centro,Princing Provincia / Semestral,Hotlead,199700,382900,382900,382900,382900,ARG3.5%.HOTL.TIT.PLATZI.DOC.4.10.26,,,668300,,,,,
Argentina,Doctorado,,Centro,Princing Provincia / Semestral,RMKT,174500,332400,332400,332400,332400,ARG3.5%.RKMT.TIT.PLATZI.DOC.4.10.26,,,668300,,,,,
Argentina,Doctorado,,Centro,Princing Provincia / Semestral,SUPER PROMO,183000,349300,349300,349300,349300,ARG3.5%.SUPE.TIT.PLATZI.DOC.4.10.26,,,668300,,,,,
USA,Maestria,,Centro,Princing Medio,Hotlead,187,263,278,294,309,USA.P1.MAE.INT.,P2.USA.MAE4M,,600,,,,,
USA,Maestria,,Centro,Princing Medio,Hotlead,212,288,303,319,334,USA.P1.MAE.INT.,P2.USA.MAE4M,,600,,,,,
USA,Maestria,,Centro,Princing Medio,Hotlead,225,301,316,332,347,USA.P1.MAE.INT.,P2.USA.MAE4M,,600,,,,,
USA,Maestria,,Centro,Princing Medio,Hotlead,237,313,328,344,359,USA.P1.MAE.INT.,P2.USA.MAE4M,,600,,,,,
USA,Maestria,,Centro,Princing Medio,Hotlead,217,293,308,324,339,USA.P1.MAE.INT.,P2.USA.MAE4M,,600,,,,,
USA,Maestria,,Centro,Princing Medio,Hotlead,217,293,308,324,332,USA.INGLES.P1.MAE.INT.,P1.USA.INGLES.MAE4M,,600,,,,,
USA,Maestria,,Centro,Princing Medio,RMKT+30,142,229,260,276,291,USA.P2.MAE.INT.,P3.USA.MAE4M,,600,,,,,
USA,Maestria,,Centro,Princing Medio,RMKT+30,167,254,285,301,316,USA.P2.MAE.INT.,P3.USA.MAE4M,,600,,,,,
USA,Maestria,,Centro,Princing Medio,RMKT+30,180,267,298,314,329,USA.P2.MAE.INT.,P3.USA.MAE4M,,600,,,,,
USA,Maestria,,Centro,Princing Medio,RMKT+30,192,279,310,326,341,USA.P2.MAE.INT.,P3.USA.MAE4M,,600,,,,,
USA,Maestria,,Centro,Princing Medio,RMKT+30,172,259,290,306,321,USA.P2.MAE.INT.,P3.USA.MAE4M,,600,,,,,
USA,Maestria,,Centro,Princing Medio,RMKT+30,172,259,290,306,314,USA.INGLES.P2.MAE.INT.,P2.USA.INGLES.MAE4M,,600,,,,,
USA,Maestria,,Centro,Princing Medio,RMKT+60,133,199,237,250,263,USA.P3.MAE.INT.,P4.USA.MAE4M,,600,,,,,
USA,Maestria,,Centro,Princing Medio,RMKT+60,158,224,262,275,288,USA.P3.MAE.INT.,P4.USA.MAE4M,,600,,,,,
USA,Maestria,,Centro,Princing Medio,RMKT+60,171,237,275,288,301,USA.P3.MAE.INT.,P4.USA.MAE4M,,600,,,,,
USA,Maestria,,Centro,Princing Medio,RMKT+60,183,249,287,300,313,USA.P3.MAE.INT.,P4.USA.MAE4M,,600,,,,,
USA,Maestria,,Centro,Princing Medio,RMKT+60,163,229,267,280,293,USA.P3.MAE.INT.,P4.USA.MAE4M,,600,,,,,
USA,Maestria,,Centro,Princing Medio,RMKT+60,163,229,267,280,286,USA.INGLES.P3.MAE.INT.,P3.USA.INGLES.MAE4M,,600,,,,,
USA,Maestria,,Centro,Princing Medio,SUPER PROMO,169,237,251,264,297,USA.P4.MAE.INT.,P5.USA.MAE4M,,600,,,,,
USA,Maestria,,Centro,Princing Medio,SUPER PROMO,194,262,276,289,322,USA.P4.MAE.INT.,P5.USA.MAE4M,,600,,,,,
USA,Maestria,,Centro,Princing Medio,SUPER PROMO,207,275,289,302,335,USA.P4.MAE.INT.,P5.USA.MAE4M,,600,,,,,
USA,Maestria,,Centro,Princing Medio,SUPER PROMO,219,287,301,314,347,USA.P4.MAE.INT.,P5.USA.MAE4M,,600,,,,,
USA,Maestria,,Centro,Princing Medio,SUPER PROMO,199,267,281,294,327,USA.P4.MAE.INT.,P5.USA.MAE4M,,600,,,,,
USA,Maestria,,Centro,Princing Medio,SUPER PROMO,199,267,281,294,320,USA.INGLES.P4.MAE.INT.,P4.USA.INGLES.MAE4M,,600,,,,,
USA,Doctorado,,Centro,Princing Medio,Hotlead,248,348,368,389,409,USA.P1.DOC.,P2.USA.DOC4M,,841,,,,,
USA,Doctorado,,Centro,Princing Medio,Hotlead,268,368,388,409,429,USA.P1.DOC.,P2.USA.DOC4M,,841,,,,,
USA,Doctorado,,Centro,Princing Medio,Hotlead,288,388,408,429,449,USA.P1.DOC.,P2.USA.DOC4M,,841,,,,,
USA,Doctorado,,Centro,Princing Medio,RMKT+30,188,302,344,366,385,USA.P2.DOC.,P3.USA.DOC4M,,841,,,,,
USA,Doctorado,,Centro,Princing Medio,RMKT+30,208,322,364,386,405,USA.P2.DOC.,P3.USA.DOC4M,,841,,,,,
USA,Doctorado,,Centro,Princing Medio,RMKT+30,228,342,384,406,425,USA.P2.DOC.,P3.USA.DOC4M,,841,,,,,
USA,Doctorado,,Centro,Princing Medio,RMKT+60,191,278,314,331,348,USA.P3.DOC.,P4.USA.DOC4M,,841,,,,,
USA,Doctorado,,Centro,Princing Medio,RMKT+60,211,298,334,351,368,USA.P3.DOC.,P4.USA.DOC4M,,841,,,,,
USA,Doctorado,,Centro,Princing Medio,RMKT+60,231,318,354,371,388,USA.P3.DOC.,P4.USA.DOC4M,,841,,,,,
USA,Doctorado,,Centro,Princing Medio,SUPER PROMO,222,314,332,351,394,USA.P4.DOC.,P5.USA.DOC4M,,841,,,,,
USA,Doctorado,,Centro,Princing Medio,SUPER PROMO,242,334,352,371,414,USA.P4.DOC.,P5.USA.DOC4M,,841,,,,,
USA,Doctorado,,Centro,Princing Medio,SUPER PROMO,262,354,372,391,434,USA.P4.DOC.,P5.USA.DOC4M,,841,,,,,
El Salvador,Maestria,,Centro,Princing Medio,Hotlead,119,144,169,169,169,SAL.HOTL.TIT.MA.,,,215,,,,,
El Salvador,Maestria,,Centro,Princing Medio,Hotlead,144,169,194,194,194,SAL.HOTL.TIT.EQUSA.MA.,,,215,,,,,
El Salvador,Maestria,,Centro,Princing Medio,RMKT+30,104,125,147,147,147,SAL.RMKT1.TIT.MA.,,,215,,,,,
El Salvador,Maestria,,Centro,Princing Medio,RMKT+30,129,150,172,172,172,SAL.RMKT1.TIT.EQUSA.MA.,,,215,,,,,
El Salvador,Maestria,,Centro,Princing Medio,RMKT+60,99,119,139,139,139,SAL.RMKT2.TIT.MA.,,,215,,,,,
El Salvador,Maestria,,Centro,Princing Medio,RMKT+60,124,144,164,164,164,SAL.RMKT2.TIT.EQUSA.MA.,,,215,,,,,
El Salvador,Maestria,,Centro,Princing Medio,SUPER PROMO,113,137,160,160,160,SAL.SUPE.TIT.MA.,,,215,,,,,
El Salvador,Maestria,,Centro,Princing Medio,SUPER PROMO,138,162,185,185,185,SAL.SUPE.TIT.EQUSA.MA.,,,215,,,,,
El Salvador,Doctorado,,Centro,Princing Medio,Hotlead,128,155,181,181,181,SAL.HOTL.TIT.DOC.4.10.26,,,305,,,,,
El Salvador,Doctorado,,Centro,Princing Medio,Hotlead,148,175,201,201,201,SAL.HOTL.TIT.EQUSA.DOC.4.10.26,,,305,,,,,
El Salvador,Doctorado,,Centro,Princing Medio,RMKT+30,119,144,169,169,169,SAL.RMKT1.TIT.DOC.4.10.26,,,305,,,,,
El Salvador,Doctorado,,Centro,Princing Medio,RMKT+30,139,164,189,189,189,SAL.RMKT1.TIT.EQUSA.DOC.4.10.26,,,305,,,,,
El Salvador,Doctorado,,Centro,Princing Medio,RMKT+60,112,135,158,158,158,SAL.RMKT2.TIT.DOC.4.10.26,,,305,,,,,
El Salvador,Doctorado,,Centro,Princing Medio,RMKT+60,132,155,178,178,178,SAL.RMKT2.TIT.EQUSA.DOC.4.10.26,,,305,,,,,
El Salvador,Doctorado,,Centro,Princing Medio,SUPER PROMO,122,147,172,172,172,SAL.SUPE.TIT.DOC.4.10.26,,,305,,,,,
El Salvador,Doctorado,,Centro,Princing Medio,SUPER PROMO,142,167,192,192,192,SAL.SUPE.TIT.EQUSA.DOC.4.10.26,,,305,,,,,
R.Dominicana,Maestria,,Centro,Princing Medio,Hotlead,4190,4190,7154,7578,8425,DOM.P1.MAE.,P3.DOM.MAE4M,,19500,,,,,
R.Dominicana,Maestria,,Centro,Princing Medio,Hotlead,5055,5055,8019,8443,9290,DOM.P1.MAE.,P3.DOM.MAE4M,,19500,,,,,
R.Dominicana,Maestria,,Centro,Princing Medio,Hotlead,4190,4190,7154,7578,9910,DOM.P1.MAE.,P4.DOM.MAE4M,,19500,,,,,
R.Dominicana,Maestria,,Centro,Princing Medio,Hotlead,5675,5675,8639,9063,11395,DOM.P1.MAE.,P4.DOM.MAE4M,,19500,,,,,
R.Dominicana,Maestria,,Centro,Princing Medio,RMKT+30,2875,2875,6525,6671,7255,DOM.P2.MAE.,P5.DOM.MAE4M,,19500,,,,,
R.Dominicana,Maestria,,Centro,Princing Medio,RMKT+30,3740,3740,7390,7536,8120,DOM.P2.MAE.,P5.DOM.MAE4M,,19500,,,,,
R.Dominicana,Maestria,,Centro,Princing Medio,RMKT+30,2875,2875,6525,6671,8740,DOM.P2.MAE.,P6.DOM.MAE4M,,19500,,,,,
R.Dominicana,Maestria,,Centro,Princing Medio,RMKT+30,4360,4360,8010,8156,10225,DOM.P2.MAE.,P6.DOM.MAE4M,,19500,,,,,
R.Dominicana,Maestria,,Centro,Princing Medio,SUPER PROMO,3702,3702,6325,6700,7450,DOM.P3.MAE.,P7.DOM.MAE4M,,19500,,,,,
R.Dominicana,Maestria,,Centro,Princing Medio,SUPER PROMO,4567,4567,7190,7565,8315,DOM.P3.MAE.,P7.DOM.MAE4M,,19500,,,,,
R.Dominicana,Maestria,,Centro,Princing Medio,SUPER PROMO,3702,3702,6325,6700,8935,DOM.P3.MAE.,P8.DOM.MAE4M,,19500,,,,,
R.Dominicana,Maestria,,Centro,Princing Medio,SUPER PROMO,5187,5187,7810,8185,10420,DOM.P3.MAE.,P8.DOM.MAE4M,,19500,,,,,
R.Dominicana,Doctorado,,Centro,Princing Medio,Hotlead,6170,6170,10310,10902,12085,DOM.P1.DOC.,P3.DOM.DOC4M,,27500,,,,,
R.Dominicana,Doctorado,,Centro,Princing Medio,Hotlead,7035,7035,11175,11767,12950,DOM.P1.DOC.,P3.DOM.DOC4M,,27500,,,,,
R.Dominicana,Doctorado,,Centro,Princing Medio,Hotlead,6170,6170,10310,10902,13195,DOM.P1.DOC.,P4.DOM.DOC4M,,27500,,,,,
R.Dominicana,Doctorado,,Centro,Princing Medio,RMKT+30,4836,4836,8908,9519,10435,DOM.P2.DOC.,P5.DOM.DOC4M,,27500,,,,,
R.Dominicana,Doctorado,,Centro,Princing Medio,RMKT+30,5701,5701,9773,10384,11300,DOM.P2.DOC.,P5.DOM.DOC4M,,27500,,,,,
R.Dominicana,Doctorado,,Centro,Princing Medio,RMKT+30,4836,4836,8908,9519,11545,DOM.P2.DOC.,P6.DOM.DOC4M,,27500,,,,,
R.Dominicana,Doctorado,,Centro,Princing Medio,SUPER PROMO,5482,5482,9141,9664,10710,DOM.P3.DOC.,P7.DOM.DOC4M,,27500,,,,,
R.Dominicana,Doctorado,,Centro,Princing Medio,SUPER PROMO,6347,6347,10006,10529,11575,DOM.P3.DOC.,P7.DOM.DOC4M,,27500,,,,,
R.Dominicana,Doctorado,,Centro,Princing Medio,SUPER PROMO,5482,5482,9141,9664,11820,DOM.P3.DOC.,P8.DOM.DOC4M,,27500,,,,,
Guatemala,Maestria,,Centro,Princing Medio,Hotlead,917,1107,1297,1297,1297,GUA.HOTL.TIT.MA.,,,1390,,,,,
Guatemala,Maestria,,Centro,Princing Medio,RMKT+30,798,963,1127,1127,1127,GUA.RMKT1.TIT.MA.,,,1390,,,,,
Guatemala,Maestria,,Centro,Princing Medio,SUPER PROMO,871,1052,1232,1232,1232,GUA.SUPE.TIT.MA.,,,1390,,,,,
Guatemala,Doctorado,,Centro,Princing Medio,Hotlead,985,1189,1394,1394,1394,GUA.HOTL.TIT.DOC.4.10.26,,,1390,,,,,
Guatemala,Doctorado,,Centro,Princing Medio,RMKT+30,917,1107,1297,1297,1297,GUA.RMKT1.TIT.DOC.4.10.26,,,1390,,,,,
Guatemala,Doctorado,,Centro,Princing Medio,SUPER PROMO,935,1130,1324,1324,1324,GUA.SUPE.TIT.DOC.4.10.26,,,1390,,,,,
Peru,Maestria,,Centro,Princing Medio,Hotlead,192,359,441,680,680,PER.P5.MAE.,P7.PER.MAE3M,,1067,,,,,
Peru,Maestria,,Centro,Princing Medio,RMKT+30,183,337,414,644,644,PER.P6.MAE.,P8.PER.MAE3M,,1067,,,,,
Peru,Maestria,,Centro,Princing Medio,RMKT+60,170,311,380,600,600,PER.P7.MAE.,P9.PER.MAE3M,,1067,,,,,
Peru,Maestria,,Centro,Princing Medio,SUPER PROMO,187,347,427,657,657,PER.P8.MAE.,P10.PER.MAE3M,,1067,,,,,
Peru,Maestria,,Centro,Pricing Alto,Hotlead,200,370,450,796,796,PER.P9.MAE.,P11.PER.MAE3M,,1067,,,,,
Peru,Maestria,,Centro,Pricing Alto,RMKT+30,188,348,423,748,748,PER.P10.MAE.,P12.PER.MAE3M,,1067,,,,,
Peru,Maestria,,Centro,Pricing Alto,RMKT+60,172,318,387,685,685,PER.P11.MAE.,P13.PER.MAE3M,,1067,,,,,
Peru,Maestria,,Centro,Pricing Alto,SUPER PROMO,192,355,432,764,764,PER.P12.MAE.,P14.PER.MAE3M,,1067,,,,,